{
  "Version": 1,
  "WorkspaceRootPath": "E:\\TOTOTO\\Img_To_Img3.0\\Img_To_Img Vue3\\",
  "Documents": [
    {
      "AbsoluteMoniker": "D:0:0:{A2FE74E1-B743-11D0-AE1A-00A0C90FFFC3}|\u003CMiscFiles\u003E|E:\\TOTOTO\\Img_To_Img3.0\\Img_To_Img Vue3\\Img_To_Img\\src\\views\\Layout.vue||{40D31677-CBC0-4297-A9EF-89D907823A98}",
      "RelativeMoniker": "D:0:0:{A2FE74E1-B743-11D0-AE1A-00A0C90FFFC3}|\u003CMiscFiles\u003E|solutionrelative:Img_To_Img\\src\\views\\Layout.vue||{40D31677-CBC0-4297-A9EF-89D907823A98}"
    },
    {
      "AbsoluteMoniker": "D:0:0:{A2FE74E1-B743-11D0-AE1A-00A0C90FFFC3}|\u003CMiscFiles\u003E|E:\\TOTOTO\\Img_To_Img3.0\\Img_To_Img Vue3\\Img_To_Img\\vite.config.js||{14D17961-FE51-464D-9111-C4AF11D7D99A}",
      "RelativeMoniker": "D:0:0:{A2FE74E1-B743-11D0-AE1A-00A0C90FFFC3}|\u003CMiscFiles\u003E|solutionrelative:Img_To_Img\\vite.config.js||{14D17961-FE51-464D-9111-C4AF11D7D99A}"
    },
    {
      "AbsoluteMoniker": "D:0:0:{A2FE74E1-B743-11D0-AE1A-00A0C90FFFC3}|\u003CMiscFiles\u003E|E:\\TOTOTO\\Img_To_Img3.0\\Img_To_Img Vue3\\Img_To_Img\\src\\App.vue||{40D31677-CBC0-4297-A9EF-89D907823A98}",
      "RelativeMoniker": "D:0:0:{A2FE74E1-B743-11D0-AE1A-00A0C90FFFC3}|\u003CMiscFiles\u003E|solutionrelative:Img_To_Img\\src\\App.vue||{40D31677-CBC0-4297-A9EF-89D907823A98}"
    },
    {
      "AbsoluteMoniker": "D:0:0:{A2FE74E1-B743-11D0-AE1A-00A0C90FFFC3}|\u003CMiscFiles\u003E|E:\\TOTOTO\\Img_To_Img3.0\\Img_To_Img Vue3\\Img_To_Img\\src\\router\\index.js||{14D17961-FE51-464D-9111-C4AF11D7D99A}",
      "RelativeMoniker": "D:0:0:{A2FE74E1-B743-11D0-AE1A-00A0C90FFFC3}|\u003CMiscFiles\u003E|solutionrelative:Img_To_Img\\src\\router\\index.js||{14D17961-FE51-464D-9111-C4AF11D7D99A}"
    },
    {
      "AbsoluteMoniker": "D:0:0:{A2FE74E1-B743-11D0-AE1A-00A0C90FFFC3}|\u003CMiscFiles\u003E|E:\\TOTOTO\\Img_To_Img3.0\\Img_To_Img Vue3\\Img_To_Img\\package.json||{90A6B3A7-C1A3-4009-A288-E2FF89E96FA0}",
      "RelativeMoniker": "D:0:0:{A2FE74E1-B743-11D0-AE1A-00A0C90FFFC3}|\u003CMiscFiles\u003E|solutionrelative:Img_To_Img\\package.json||{90A6B3A7-C1A3-4009-A288-E2FF89E96FA0}"
    },
    {
      "AbsoluteMoniker": "D:0:0:{A2FE74E1-B743-11D0-AE1A-00A0C90FFFC3}|\u003CMiscFiles\u003E|E:\\TOTOTO\\Img_To_Img3.0\\Img_To_Img Vue3\\Img_To_Img\\src\\api\\image.js||{14D17961-FE51-464D-9111-C4AF11D7D99A}",
      "RelativeMoniker": "D:0:0:{A2FE74E1-B743-11D0-AE1A-00A0C90FFFC3}|\u003CMiscFiles\u003E|solutionrelative:Img_To_Img\\src\\api\\image.js||{14D17961-FE51-464D-9111-C4AF11D7D99A}"
    }
  ],
  "DocumentGroupContainers": [
    {
      "Orientation": 0,
      "VerticalTabListWidth": 256,
      "DocumentGroups": [
        {
          "DockedWidth": 200,
          "SelectedChildIndex": 0,
          "Children": [
            {
              "$type": "Document",
              "DocumentIndex": 0,
              "Title": "Layout.vue",
              "DocumentMoniker": "E:\\TOTOTO\\Img_To_Img3.0\\Img_To_Img Vue3\\Img_To_Img\\src\\views\\Layout.vue",
              "RelativeDocumentMoniker": "Img_To_Img\\src\\views\\Layout.vue",
              "ToolTip": "E:\\TOTOTO\\Img_To_Img3.0\\Img_To_Img Vue3\\Img_To_Img\\src\\views\\Layout.vue",
              "RelativeToolTip": "Img_To_Img\\src\\views\\Layout.vue",
              "ViewState": "AgIAAA8AAAAAAAAAAAAAABgAAABDAAAAAAAAAA==",
              "Icon": "ae27a6b0-e345-4288-96df-5eaf394ee369.003491|",
              "WhenOpened": "2025-06-08T12:57:56.586Z",
              "IsPinned": true,
              "EditorCaption": ""
            },
            {
              "$type": "Document",
              "DocumentIndex": 1,
              "Title": "vite.config.js",
              "DocumentMoniker": "E:\\TOTOTO\\Img_To_Img3.0\\Img_To_Img Vue3\\Img_To_Img\\vite.config.js",
              "RelativeDocumentMoniker": "Img_To_Img\\vite.config.js",
              "ToolTip": "E:\\TOTOTO\\Img_To_Img3.0\\Img_To_Img Vue3\\Img_To_Img\\vite.config.js",
              "RelativeToolTip": "Img_To_Img\\vite.config.js",
              "ViewState": "AgIAAA8AAAAAAAAAAAAAAB0AAAAHAAAAAAAAAA==",
              "Icon": "ae27a6b0-e345-4288-96df-5eaf394ee369.001646|",
              "WhenOpened": "2025-06-21T08:09:29.993Z"
            },
            {
              "$type": "Document",
              "DocumentIndex": 2,
              "Title": "App.vue",
              "DocumentMoniker": "E:\\TOTOTO\\Img_To_Img3.0\\Img_To_Img Vue3\\Img_To_Img\\src\\App.vue",
              "RelativeDocumentMoniker": "Img_To_Img\\src\\App.vue",
              "ToolTip": "E:\\TOTOTO\\Img_To_Img3.0\\Img_To_Img Vue3\\Img_To_Img\\src\\App.vue",
              "RelativeToolTip": "Img_To_Img\\src\\App.vue",
              "ViewState": "AgIAAAAAAAAAAAAAAAAAAAYAAAAEAAAAAAAAAA==",
              "Icon": "ae27a6b0-e345-4288-96df-5eaf394ee369.003491|",
              "WhenOpened": "2025-06-08T12:56:00.897Z"
            },
            {
              "$type": "Document",
              "DocumentIndex": 3,
              "Title": "index.js",
              "DocumentMoniker": "E:\\TOTOTO\\Img_To_Img3.0\\Img_To_Img Vue3\\Img_To_Img\\src\\router\\index.js",
              "RelativeDocumentMoniker": "Img_To_Img\\src\\router\\index.js",
              "ToolTip": "E:\\TOTOTO\\Img_To_Img3.0\\Img_To_Img Vue3\\Img_To_Img\\src\\router\\index.js",
              "RelativeToolTip": "Img_To_Img\\src\\router\\index.js",
              "ViewState": "AgIAAAAAAAAAAAAAAAAAAAAAAAAAAAAAAAAAAA==",
              "Icon": "ae27a6b0-e345-4288-96df-5eaf394ee369.001646|",
              "WhenOpened": "2025-06-08T12:55:51.602Z"
            },
            {
              "$type": "Document",
              "DocumentIndex": 4,
              "Title": "package.json",
              "DocumentMoniker": "E:\\TOTOTO\\Img_To_Img3.0\\Img_To_Img Vue3\\Img_To_Img\\package.json",
              "RelativeDocumentMoniker": "Img_To_Img\\package.json",
              "ToolTip": "E:\\TOTOTO\\Img_To_Img3.0\\Img_To_Img Vue3\\Img_To_Img\\package.json",
              "RelativeToolTip": "Img_To_Img\\package.json",
              "ViewState": "AgIAAAAAAAAAAAAAAAAAAAAAAAAAAAAAAAAAAA==",
              "Icon": "ae27a6b0-e345-4288-96df-5eaf394ee369.001642|",
              "WhenOpened": "2025-06-08T08:45:39.455Z"
            },
            {
              "$type": "Document",
              "DocumentIndex": 5,
              "Title": "image.js",
              "DocumentMoniker": "E:\\TOTOTO\\Img_To_Img3.0\\Img_To_Img Vue3\\Img_To_Img\\src\\api\\image.js",
              "RelativeDocumentMoniker": "Img_To_Img\\src\\api\\image.js",
              "ToolTip": "E:\\TOTOTO\\Img_To_Img3.0\\Img_To_Img Vue3\\Img_To_Img\\src\\api\\image.js",
              "RelativeToolTip": "Img_To_Img\\src\\api\\image.js",
              "ViewState": "AgIAAAAAAAAAAAAAAAAAAAAAAAAAAAAAAAAAAA==",
              "Icon": "ae27a6b0-e345-4288-96df-5eaf394ee369.001646|",
              "WhenOpened": "2025-06-08T08:30:49.297Z"
            }
          ]
        }
      ]
    }
  ]
}